Workbook

Sheet サマリー
A1: 2026 冬ゲーム｜コスト・工数計画
A2: 元コスト表を整理し、現在のソースコードから確認できた作業と追加見積を反映した計画版
A4: 更新後見積（時間） | D4: 残見積（時間） | G4: 残見積（人日） | K4: 残コスト（換算）
A5: =SUM(タスク!I5:I60) -> 317 | D5: =SUM(タスク!J5:J60) -> 254 | G5: =D5/B9 -> 31.75 | K5: =G5*B10 -> 254
A7: 前提 | B7: 値
A8: 見積単位 | B8: 時間
A9: 1人日の作業時間 | B9: 8
A10: 換算単価（コスト/人日） | B10: 8
A11: 1時間あたりの換算コスト | B11: =B10/B9 -> 1
A12: 元表の見積合計（時間） | B12: =SUM(タスク!G5:G60) -> 212
A13: 段階 | B13: 見積(h) | C13: 残見積(h) | D13: タスク数 | F13: カテゴリ | G13: 見積(h) | H13: 残見積(h) | I13: タスク数 | K13: 進捗の見方 | L13: 説明
A14: プロト | B14: =SUMIF(タスク!$B$5:$B$60,A14,タスク!$I$5:$I$60) -> 177 | C14: =SUMIF(タスク!$B$5:$B$60,A14,タスク!$J$5:$J$60) -> 118 | D14: =COUNTIF(タスク!$B$5:$B$60,A14) -> 31 | F14: 当たり判定 | G14: =SUMIF(タスク!$C$5:$C$60,F14,タスク!$I$5:$I$60) -> 27 | H14: =SUMIF(タスク!$C$5:$C$60,F14,タスク!$J$5:$J$60) -> 23.5 | I14: =COUNTIF(タスク!$C$5:$C$60,F14) -> 6 | K14: コードあり・要確認 | L14: ソースで実装箇所を確認。起動・プレイ検証は未実施
A15: アルファ | B15: =SUMIF(タスク!$B$5:$B$60,A15,タスク!$I$5:$I$60) -> 107 | C15: =SUMIF(タスク!$B$5:$B$60,A15,タスク!$J$5:$J$60) -> 103 | D15: =COUNTIF(タスク!$B$5:$B$60,A15) -> 20 | F15: プレイヤー | G15: =SUMIF(タスク!$C$5:$C$60,F15,タスク!$I$5:$I$60) -> 30 | H15: =SUMIF(タスク!$C$5:$C$60,F15,タスク!$J$5:$J$60) -> 18.5 | I15: =COUNTIF(タスク!$C$5:$C$60,F15) -> 7 | K15: 一部実装 | L15: 基盤は確認したが統合・調整・仕様不足がある
A16: ベータ | B16: =SUMIF(タスク!$B$5:$B$60,A16,タスク!$I$5:$I$60) -> 25 | C16: =SUMIF(タスク!$B$5:$B$60,A16,タスク!$J$5:$J$60) -> 25 | D16: =COUNTIF(タスク!$B$5:$B$60,A16) -> 4 | F16: カメラ | G16: =SUMIF(タスク!$C$5:$C$60,F16,タスク!$I$5:$I$60) -> 14 | H16: =SUMIF(タスク!$C$5:$C$60,F16,タスク!$J$5:$J$60) -> 5 | I16: =COUNTIF(タスク!$C$5:$C$60,F16) -> 2 | K16: 未着手 | L16: 元表の項目。現コード一覧で実装を確認できず
A17: マスター | B17: =SUMIF(タスク!$B$5:$B$60,A17,タスク!$I$5:$I$60) -> 8 | C17: =SUMIF(タスク!$B$5:$B$60,A17,タスク!$J$5:$J$60) -> 8 | D17: =COUNTIF(タスク!$B$5:$B$60,A17) -> 1 | F17: ハッキング | G17: =SUMIF(タスク!$C$5:$C$60,F17,タスク!$I$5:$I$60) -> 35 | H17: =SUMIF(タスク!$C$5:$C$60,F17,タスク!$J$5:$J$60) -> 27 | I17: =COUNTIF(タスク!$C$5:$C$60,F17) -> 5 | K17: 計画追加 | L17: 元表に分かれていなかった統合・検証・仕上げ作業
F18: 敵 | G18: =SUMIF(タスク!$C$5:$C$60,F18,タスク!$I$5:$I$60) -> 53 | H18: =SUMIF(タスク!$C$5:$C$60,F18,タスク!$J$5:$J$60) -> 47 | I18: =COUNTIF(タスク!$C$5:$C$60,F18) -> 9
F19: ステージ | G19: =SUMIF(タスク!$C$5:$C$60,F19,タスク!$I$5:$I$60) -> 38 | H19: =SUMIF(タスク!$C$5:$C$60,F19,タスク!$J$5:$J$60) -> 35 | I19: =COUNTIF(タスク!$C$5:$C$60,F19) -> 4 | K19: 注記
F20: システム | G20: =SUMIF(タスク!$C$5:$C$60,F20,タスク!$I$5:$I$60) -> 20 | H20: =SUMIF(タスク!$C$5:$C$60,F20,タスク!$J$5:$J$60) -> 7 | I20: =COUNTIF(タスク!$C$5:$C$60,F20) -> 2 | K20: 見積 | L20: 元表212h＋追加105h。残見積はコード目視の暫定値。
F21: 素材 | G21: =SUMIF(タスク!$C$5:$C$60,F21,タスク!$I$5:$I$60) -> 20 | H21: =SUMIF(タスク!$C$5:$C$60,F21,タスク!$J$5:$J$60) -> 15 | I21: =COUNTIF(タスク!$C$5:$C$60,F21) -> 4 | K21: 実績 | L21: 動作検証は未反映。実コストはタスクシートへ入力。
F22: 演出 | G22: =SUMIF(タスク!$C$5:$C$60,F22,タスク!$I$5:$I$60) -> 18 | H22: =SUMIF(タスク!$C$5:$C$60,F22,タスク!$J$5:$J$60) -> 18 | I22: =COUNTIF(タスク!$C$5:$C$60,F22) -> 5 | K22: 実コスト合計 | L22: =IF(COUNT(タスク!O5:O60)=0,"",SUM(タスク!O5:O60))
F23: シーン | G23: =SUMIF(タスク!$C$5:$C$60,F23,タスク!$I$5:$I$60) -> 28 | H23: =SUMIF(タスク!$C$5:$C$60,F23,タスク!$J$5:$J$60) -> 24 | I23: =COUNTIF(タスク!$C$5:$C$60,F23) -> 8
F24: 射撃 | G24: =SUMIF(タスク!$C$5:$C$60,F24,タスク!$I$5:$I$60) -> 8 | H24: =SUMIF(タスク!$C$5:$C$60,F24,タスク!$J$5:$J$60) -> 8 | I24: =COUNTIF(タスク!$C$5:$C$60,F24) -> 1
F25: UI | G25: =SUMIF(タスク!$C$5:$C$60,F25,タスク!$I$5:$I$60) -> 8 | H25: =SUMIF(タスク!$C$5:$C$60,F25,タスク!$J$5:$J$60) -> 8 | I25: =COUNTIF(タスク!$C$5:$C$60,F25) -> 1
F26: テスト | G26: =SUMIF(タスク!$C$5:$C$60,F26,タスク!$I$5:$I$60) -> 10 | H26: =SUMIF(タスク!$C$5:$C$60,F26,タスク!$J$5:$J$60) -> 10 | I26: =COUNTIF(タスク!$C$5:$C$60,F26) -> 1
F27: 仕上げ | G27: =SUMIF(タスク!$C$5:$C$60,F27,タスク!$I$5:$I$60) -> 8 | H27: =SUMIF(タスク!$C$5:$C$60,F27,タスク!$J$5:$J$60) -> 8 | I27: =COUNTIF(タスク!$C$5:$C$60,F27) -> 1

Sheet タスク
A1: 作業一覧
A2: 元見積は旧表の「1コスト＝1時間」を引継ぎ。追加分はコード上で分離されていなかった作業。残見積はコード目視確認に基づく暫定値で、実績ではありません。
A4: ID | B4: 段階 | C4: カテゴリ | D4: 作業項目 | E4: 優先度 | F4: 進捗状況 | G4: 元見積(h) | H4: 追加見積(h) | I4: 更新見積(h) | J4: 残見積(h) | K4: 人日 | L4: 換算コスト | M4: 根拠（コード確認） | N4: メモ | O4: 実コスト
A5: T001 | B5: プロト | C5: 当たり判定 | D5: CollisionManagerの管理・接触結果整理 | E5: S | F5: 一部実装 | G5: 3 | H5: 2 | I5: =G5+H5 -> 5 | J5: 4 | K5: =J5/サマリー!$B$9 -> 0.5 | L5: =K5*サマリー!$B$10 -> 4 | M5: CollisionManager.cpp/hあり。判定結果と押し戻しの整理余地
A6: T002 | B6: プロト | C6: 当たり判定 | D6: 球コライダー判定 | E6: S | F6: コードあり・要確認 | G6: 1 | H6: 0 | I6: =G6+H6 -> 1 | J6: 0.5 | K6: =J6/サマリー!$B$9 -> 0.0625 | L6: =K6*サマリー!$B$10 -> 0.5 | M6: SphereCollider.cpp/hあり
A7: T003 | B7: プロト | C7: 当たり判定 | D7: カプセルコライダー判定 | E7: S | F7: コードあり・要確認 | G7: 2 | H7: 0 | I7: =G7+H7 -> 2 | J7: 1 | K7: =J7/サマリー!$B$9 -> 0.125 | L7: =K7*サマリー!$B$10 -> 1 | M7: CapsuleCollider.cpp/h、カプセル判定関数あり
A8: T004 | B8: プロト | C8: 当たり判定 | D8: ポリゴンコライダー判定 | E8: S | F8: 一部実装 | G8: 3 | H8: 2 | I8: =G8+H8 -> 5 | J8: 4 | K8: =J8/サマリー!$B$9 -> 0.5 | L8: =K8*サマリー!$B$10 -> 4 | M8: PolygonCollider.cpp/hあり。押し戻し・床壁分類との統合確認
A9: T005 | B9: プロト | C9: プレイヤー | D9: 移動 | E9: S | F9: コードあり・要確認 | G9: 2 | H9: 0 | I9: =G9+H9 -> 2 | J9: 1 | K9: =J9/サマリー!$B$9 -> 0.125 | L9: =K9*サマリー!$B$10 -> 1 | M9: Playerと移動Stateあり
A10: T006 | B10: プロト | C10: プレイヤー | D10: ジャンプ | E10: S | F10: コードあり・要確認 | G10: 1 | H10: 0 | I10: =G10+H10 -> 1 | J10: 0.5 | K10: =J10/サマリー!$B$9 -> 0.0625 | L10: =K10*サマリー!$B$10 -> 0.5 | M10: PlayerStateJumpあり
A11: T007 | B11: プロト | C11: プレイヤー | D11: ホバー | E11: B | F11: コードあり・要確認 | G11: 2 | H11: 0 | I11: =G11+H11 -> 2 | J11: 1 | K11: =J11/サマリー!$B$9 -> 0.125 | L11: =K11*サマリー!$B$10 -> 1 | M11: PlayerStateHoverあり
A12: T008 | B12: プロト | C12: プレイヤー | D12: 回避・ダッシュ | E12: S | F12: コードあり・要確認 | G12: 1 | H12: 0 | I12: =G12+H12 -> 1 | J12: 1 | K12: =J12/サマリー!$B$9 -> 0.125 | L12: =K12*サマリー!$B$10 -> 1 | M12: Playerの状態・Physics実装を動作確認
A13: T009 | B13: プロト | C13: プレイヤー | D13: エイム | E13: S | F13: 一部実装 | G13: 10 | H13: 0 | I13: =G13+H13 -> 10 | J13: 3 | K13: =J13/サマリー!$B$9 -> 0.375 | L13: =K13*サマリー!$B$10 -> 3 | M13: Playerの照準レイ・カメラ参照あり。操作感と座標系確認
A14: T010 | B14: プロト | C14: プレイヤー | D14: 射撃 | E14: S | F14: 一部実装 | G14: 5 | H14: 4 | I14: =G14+H14 -> 9 | J14: 7 | K14: =J14/サマリー!$B$9 -> 0.875 | L14: =K14*サマリー!$B$10 -> 7 | M14: PlayerのRayCastと銃モデル描画あり。被弾通知・ダメージ連携を追加
A15: T011 | B15: プロト | C15: プレイヤー | D15: 必殺技 | E15: B | F15: 未着手 | G15: 5 | H15: 0 | I15: =G15+H15 -> 5 | J15: 5 | K15: =J15/サマリー!$B$9 -> 0.625 | L15: =K15*サマリー!$B$10 -> 5 | M15: 元表の項目。仕様未確定
A16: T012 | B16: プロト | C16: カメラ | D16: 通常カメラ | E16: S | F16: コードあり・要確認 | G16: 7 | H16: 0 | I16: =G16+H16 -> 7 | J16: 2 | K16: =J16/サマリー!$B$9 -> 0.25 | L16: =K16*サマリー!$B$10 -> 2 | M16: Camera.cpp/hあり
... A49: T045 | B49: アルファ | C49: シーン | D49: オプション | E49: A | F49: 未着手 | G49: 5 | H49: 0 | I49: =G49+H49 -> 5 | J49: 5 | K49: =J49/サマリー!$B$9 -> 0.625 | L49: =K49*サマリー!$B$10 -> 5 | M49: 元表の項目
A50: T046 | B50: プロト | C50: 当たり判定 | D50: カプセル対カプセル・線分の接触点/法線検証 | E50: S | F50: 計画追加 | G50: 0 | H50: 6 | I50: =G50+H50 -> 6 | J50: 6 | K50: =J50/サマリー!$B$9 -> 0.75 | L50: =K50*サマリー!$B$10 -> 6 | M50: MyLibの線分判定、CollisionManagerのRayCastを確認 | N50: 端点・平行・退化ケースを確認
A51: T047 | B51: プロト | C51: 当たり判定 | D51: 床接地・坂道追従・押し戻しの安定化 | E51: S | F51: 計画追加 | G51: 0 | H51: 8 | I51: =G51+H51 -> 8 | J51: 8 | K51: =J51/サマリー!$B$9 -> 1 | L51: =K51*サマリー!$B$10 -> 8 | M51: Physics.cppとPolygonColliderあり | N51: 坂、壁際、段差、連続接触を検証
A52: T048 | B52: プロト | C52: 射撃 | D52: 被弾対象コンポーネントと命中通知 | E52: S | F52: 計画追加 | G52: 0 | H52: 8 | I52: =G52+H52 -> 8 | J52: 8 | K52: =J52/サマリー!$B$9 -> 1 | L52: =K52*サマリー!$B$10 -> 8 | M52: Hitboxはあるが射撃対象登録/ダメージ通知一式は独立項目なし
A53: T049 | B53: アルファ | C53: 敵 | D53: HP・被ダメージ・撃破とUI連携 | E53: S | F53: 計画追加 | G53: 0 | H53: 10 | I53: =G53+H53 -> 10 | J53: 10 | K53: =J53/サマリー!$B$9 -> 1.25 | L53: =K53*サマリー!$B$10 -> 10 | M53: EnemyHPUI/Hitboxあり。射撃・ハッキングとの接続
A54: T050 | B54: アルファ | C54: ハッキング | D54: 弱体化時間・青/黄色マス効果の統合 | E54: S | F54: 計画追加 | G54: 0 | H54: 8 | I54: =G54+H54 -> 8 | J54: 8 | K54: =J54/サマリー!$B$9 -> 1 | L54: =K54*サマリー!$B$10 -> 8 | M54: 仕様メモとHackableあり。効果時間・重複・解除を決める
A55: T051 | B55: アルファ | C55: 敵 | D55: Walkerの攻撃・被弾・アニメーション統合 | E55: S | F55: 計画追加 | G55: 0 | H55: 8 | I55: =G55+H55 -> 8 | J55: 8 | K55: =J55/サマリー!$B$9 -> 1 | L55: =K55*サマリー!$B$10 -> 8 | M55: Walkerの状態クラスとモデルあり。戦闘ループを完成
A56: T052 | B56: プロト | C56: ステージ | D56: ステージ1の衝突ブロックアウト・進行確認 | E56: S | F56: 計画追加 | G56: 0 | H56: 8 | I56: =G56+H56 -> 8 | J56: 8 | K56: =J56/サマリー!$B$9 -> 1 | L56: =K56*サマリー!$B$10 -> 8 | M56: StaticStageに移動・射撃・ハッキング可能な導線を追加
A57: T053 | B57: アルファ | C57: UI | D57: HP・照準・ハッキング状態のHUD統合 | E57: S | F57: 計画追加 | G57: 0 | H57: 8 | I57: =G57+H57 -> 8 | J57: 8 | K57: =J57/サマリー!$B$9 -> 1 | L57: =K57*サマリー!$B$10 -> 8 | M57: UIManager/EnemyHPUI/HackingTargetUIあり。Player HUDを追加
A58: T054 | B58: ベータ | C58: テスト | D58: 戦闘・ハッキング・ステージの通し調整 | E58: S | F58: 計画追加 | G58: 0 | H58: 10 | I58: =G58+H58 -> 10 | J58: 10 | K58: =J58/サマリー!$B$9 -> 1.25 | L58: =K58*サマリー!$B$10 -> 10 | M58: 結合時の難易度・操作性・不具合修正
A59: T055 | B59: ベータ | C59: 演出 | D59: Walker装甲テクスチャと見た目反映 | E59: A | F59: 計画追加 | G59: 0 | H59: 6 | I59: =G59+H59 -> 6 | J59: 6 | K59: =J59/サマリー!$B$9 -> 0.75 | L59: =K59*サマリー!$B$10 -> 6 | M59: 装甲展開・水色強調の見た目をゲーム素材へ反映
A60: T056 | B60: マスター | C60: 仕上げ | D60: 最終ビルド・操作説明・不具合修正 | E60: S | F60: 計画追加 | G60: 0 | H60: 8 | I60: =G60+H60 -> 8 | J60: 8 | K60: =J60/サマリー!$B$9 -> 1 | L60: =K60*サマリー!$B$10 -> 8 | M60: 元表に独立項目なし | N60: 配布ビルドで主要操作とシーン遷移を確認

Sheet マイルストーン
A1: マイルストーン
A3: 段階 | B3: 締切日 | C3: 到達目標 | D3: 確認メモ
A4: プロト | B4: 46339 | C4: ゲームシーンで移動・射撃・敵1体・ハッキング・仮ステージを一通り遊べる | D4: 参考ブックの日付。旧表カレンダーと異なるため再確認
A5: アルファ | B5: 46374 | C5: 敵・ハッキング・ステージを増やし、ゲームシーン外の流れを追加 | D5: 見た目の磨き込みは後段へ
A6: ベータ | B6: 46409 | C6: 見た目・レベルデザイン・難易度を調整 | D6: 通しプレイと不具合修正を継続
A7: マスター | B7: 46430 | C7: 最終調整・配布可能な状態 | D7: 最終ビルドと操作説明を確認
A9: 日付と到達目標は「コスト表_winter_2026.xlsx」から引継ぎ。旧表カレンダーの日程と異なるため、優先する日程を確認してください。

Sheet カレンダー
B2: 9月
D3: 1 | E3: 2 | F3: 3 | G3: 4 | H3: 5 | J3: プロト | L3: ゲームシーンだけでも遊べるように。プレイヤー、敵一体、ハッキング(黄色マス以外)、ステージ(仮)を実装する
B4: 6 | C4: 7 | D4: 8 | E4: 9 | F4: 10 | G4: 11 | H4: 12 | J4: アルファ | L4: 要素を増やしていく。ゲームシーン以外を実装(見た目は後)、ハッキングの黄色マス追加、敵追加、ステージ追加、改良
B5: 13 | C5: 14 | D5: 15 | E5: 16 | F5: 17 | G5: 18 | H5: 19 | J5: ベータ | L5: 見た目を良くしていく。同時にレベルデザインやその他の改良なども行う。
B6: 20 | C6: 21 | D6: 22 | E6: 23 | F6: 24 | G6: 25 | H6: 26 | J6: マスター | L6: 細かいところを調整。見た目とか難易度とか
B7: 27 | C7: 28 | D7: 29 | E7: 30 | J7: 締め切り | L7: 締め切り
B9: 10月 | J9: 残り日数 | K9: =DATE(2026,12,31) - TODAY() -> 80
F10: 1 | G10: 2 | H10: 3 | J10: プロト | K10: =DATE(2026,10,31) - TODAY() -> 19
B11: 4 | C11: 5 | D11: 6 | E11: 7 | F11: 8 | G11: 9 | H11: 10 | J11: アルファ | K11: =DATE(2026,11,25) - TODAY() -> 44
B12: 11 | C12: 12 | D12: 13 | E12: 14 | F12: 15 | G12: 16 | H12: 17 | J12: ベータ | K12: =DATE(2026,12,16) - TODAY() -> 65
B13: 18 | C13: 19 | D13: 20 | E13: 21 | F13: 22 | G13: 23 | H13: 24
B14: 25 | C14: 26 | D14: 27 | E14: 28 | F14: 29 | G14: 30 | H14: 31
B16: 11月
B17: 1 | C17: 2 | D17: 3 | E17: 4 | F17: 5 | G17: 6 | H17: 7
B18: 8 | C18: 9 | D18: 10 | E18: 11 | F18: 12 | G18: 13 | H18: 14
B19: 15 | C19: 16 | D19: 17 | E19: 18 | F19: 19 | G19: 20 | H19: 21
B20: 22 | C20: 23 | D20: 24 | E20: 25 | F20: 26 | G20: 27 | H20: 28
B21: 29 | C21: 30
B23: 12月
D24: 1 | E24: 2 | F24: 3 | G24: 4 | H24: 5
B25: 6 | C25: 7 | D25: 8 | E25: 9 | F25: 10 | G25: 11 | H25: 12
B26: 13 | C26: 14 | D26: 15 | E26: 16 | F26: 17 | G26: 18 | H26: 19
B27: 20 | C27: 21 | D27: 22 | E27: 23 | F27: 24 | G27: 25 | H27: 26
B28: 27 | C28: 28 | D28: 29 | E28: 30 | F28: 31
